"","clusters","DGE_LGG.paper_IDH.codel.subtype","DGE_LGG.paper_ATRX.status","DGE_LGG.paper_TERT.expression.status"
"TCGA-E1-A7YQ-01A-11R-A34R-07",3,"IDHwt","WT","Expressed"
"TCGA-FG-A4MU-01B-11R-A28M-07",3,"IDHwt","WT","Expressed"
"TCGA-DU-8162-01A-21R-2256-07",3,"IDHwt","WT","Not expressed"
"TCGA-E1-A7YY-01A-11R-A34R-07",3,"IDHmut-non-codel","WT","Expressed"
"TCGA-HT-7688-01A-11R-2256-07",3,"IDHmut-non-codel","Mutant","Not expressed"
"TCGA-HT-7680-01A-11R-2256-07",3,"IDHwt","WT","Not expressed"
"TCGA-DU-5847-01A-11R-1708-07",3,"IDHwt","WT","Expressed"
"TCGA-E1-A7Z2-01A-21R-A34R-07",3,"IDHwt","WT","Expressed"
"TCGA-TM-A84C-01A-11R-A36H-07",3,"IDHwt","WT","Not expressed"
"TCGA-DU-5852-01A-11R-1708-07",3,"IDHwt","Mutant","Expressed"
"TCGA-S9-A7IX-01A-12R-A34F-07",3,"IDHwt","WT","Not expressed"
"TCGA-FG-7643-01A-11R-2090-07",3,"IDHwt","WT","Not expressed"
"TCGA-DU-5854-01A-11R-1708-07",3,"IDHwt","WT","Expressed"
"TCGA-DU-6404-01A-11R-1708-07",3,"IDHwt","WT","Not expressed"
"TCGA-HT-7856-01A-11R-2403-07",3,"IDHmut-codel","WT","Expressed"
"TCGA-DU-7012-01A-11R-2027-07",3,"IDHwt","WT","Expressed"
"TCGA-DU-A7TB-01A-11R-A33Z-07",3,"IDHwt","WT","Expressed"
"TCGA-DU-A7TD-01A-12R-A34F-07",3,"IDHwt","WT","Expressed"
"TCGA-DU-7290-01A-11R-2027-07",3,"IDHwt","WT","Not expressed"
"TCGA-DU-A5TT-01A-11R-A28M-07",3,"IDHwt","WT","Expressed"
"TCGA-S9-A6UA-01A-12R-A33Z-07",3,"IDHwt","Mutant","Not expressed"
"TCGA-HT-A74H-01A-11R-A32Q-07",3,"IDHwt","WT","Not expressed"
"TCGA-TM-A84B-01A-11R-A36H-07",3,"IDHwt","WT","Expressed"
"TCGA-QH-A6CS-01A-11R-A31N-07",3,"IDHwt","WT",NA
"TCGA-HT-A61C-01A-11R-A29R-07",3,"IDHwt","WT","Expressed"
"TCGA-S9-A7R2-01A-21R-A34R-07",3,"IDHwt","WT","Expressed"
"TCGA-HT-8019-01A-21R-2404-07",3,"IDHwt","WT","Not expressed"
"TCGA-S9-A6U0-01A-12R-A32Q-07",3,"IDHwt","WT","Expressed"
"TCGA-HT-8110-01A-11R-2404-07",3,"IDHwt","WT","Expressed"
"TCGA-S9-A89V-01A-11R-A36H-07",3,"IDHwt","Mutant","Not expressed"
"TCGA-QH-A6CX-01A-11R-A32Q-07",3,"IDHwt","WT","Expressed"
"TCGA-HT-A617-01A-11R-A29R-07",3,"IDHwt","WT","Not expressed"
"TCGA-FG-A4MW-01A-11R-A26U-07",3,"IDHwt","WT","Expressed"
"TCGA-HT-8564-01A-11R-2404-07",3,"IDHwt","WT","Not expressed"
"TCGA-HT-7874-01A-11R-2403-07",3,"IDHmut-codel","WT","Not expressed"
"TCGA-HT-8113-01A-11R-2404-07",3,"IDHmut-non-codel","WT","Expressed"
"TCGA-DU-8158-01A-11R-2256-07",3,"IDHwt","WT","Not expressed"
"TCGA-HT-7469-01A-11R-2256-07",3,"IDHwt","Mutant","Not expressed"
"TCGA-DU-6404-02A-21R-A36H-07",3,NA,NA,NA
"TCGA-DU-6404-02B-11R-A36H-07",3,NA,NA,NA
"TCGA-S9-A7IQ-01A-21R-A34F-07",3,"IDHmut-codel","WT","Expressed"
"TCGA-FG-6688-01A-11R-1896-07",3,"IDHwt","WT","Not expressed"
"TCGA-DU-6392-01A-11R-1708-07",3,"IDHwt","Mutant","Not expressed"
"TCGA-CS-4941-01A-01R-1470-07",3,"IDHwt","WT","Expressed"
"TCGA-DU-A7TG-01A-21R-A34R-07",3,"IDHmut-non-codel","WT","Not expressed"
"TCGA-FG-A87Q-01A-11R-A36H-07",3,"IDHwt","WT","Expressed"
"TCGA-HW-A5KK-01A-11R-A27Q-07",3,"IDHwt","WT","Expressed"
"TCGA-DU-6405-01A-11R-1708-07",3,"IDHwt","WT","Expressed"
"TCGA-DB-A75P-01A-11R-A32Q-07",3,"IDHwt","WT","Not expressed"
"TCGA-E1-A7YL-01A-11R-A34F-07",3,"IDHwt","WT","Expressed"
"TCGA-HT-8558-01A-21R-2404-07",3,"IDHwt","WT","Expressed"
"TCGA-TM-A84J-01A-11R-A36H-07",3,"IDHwt","WT","Expressed"
"TCGA-CS-5397-01A-01R-1896-07",3,"IDHwt","WT","Expressed"
"TCGA-DU-8161-01A-11R-2256-07",3,"IDHwt","WT","Not expressed"
"TCGA-VM-A8CA-01A-11R-A36H-07",3,"IDHmut-non-codel","WT","Not expressed"
"TCGA-HT-7691-01A-11R-2256-07",3,"IDHwt","WT","Not expressed"
"TCGA-HT-A61A-01A-11R-A29R-07",3,"IDHmut-non-codel","WT",NA
"TCGA-S9-A6WM-01A-12R-A33Z-07",3,"IDHwt","WT","Expressed"
"TCGA-HT-7882-01A-11R-2403-07",3,"IDHwt","WT","Expressed"
"TCGA-FG-5963-02A-12R-A29R-07",3,NA,NA,NA
"TCGA-FG-5963-01A-11R-1708-07",3,"IDHwt","Mutant","Not expressed"
"TCGA-CS-6186-01A-12R-2027-07",3,"IDHwt","WT","Expressed"
"TCGA-HT-A5R7-01A-11R-A28M-07",3,"IDHmut-non-codel","Mutant","Not expressed"
"TCGA-HT-8018-01A-11R-2404-07",3,"IDHmut-non-codel","WT","Not expressed"
"TCGA-HT-A5RC-01A-11R-A28M-07",3,"IDHwt","WT","Expressed"
"TCGA-TQ-A7RP-01A-21R-A34F-07",3,"IDHwt","WT","Not expressed"
"TCGA-DU-5872-02A-21R-A36H-07",3,NA,NA,NA
"TCGA-DU-6402-01A-11R-1708-07",3,"IDHwt","WT","Expressed"
"TCGA-QH-A6CV-01A-11R-A31N-07",3,"IDHwt","WT","Expressed"
"TCGA-DU-A76K-01A-11R-A33Z-07",3,"IDHwt","WT","Expressed"
"TCGA-CS-6188-01A-11R-1896-07",3,"IDHwt","WT","Expressed"
"TCGA-VW-A8FI-01A-11R-A36H-07",3,"IDHwt","WT","Expressed"
"TCGA-HT-8011-01A-11R-2403-07",3,"IDHwt","WT","Expressed"
"TCGA-FG-A70Z-01A-12R-A33Z-07",3,"IDHwt","WT","Expressed"
"TCGA-QH-A6XC-01A-12R-A32Q-07",3,"IDHwt","WT","Expressed"
"TCGA-FG-5965-02B-11R-A29R-07",3,NA,NA,NA
"TCGA-DU-7013-01A-11R-2027-07",3,"IDHwt","WT","Expressed"
"TCGA-FG-8181-01A-11R-2256-07",3,"IDHwt","WT","Not expressed"
"TCGA-E1-A7YN-01A-11R-A34F-07",3,"IDHwt","WT","Not expressed"
"TCGA-CS-6669-01A-11R-1896-07",3,"IDHwt","WT","Not expressed"
"TCGA-TM-A7C3-01A-11R-A32Q-07",3,"IDHwt","WT","Expressed"
"TCGA-FG-8189-01B-11R-A28M-07",3,"IDHmut-non-codel","WT","Not expressed"
"TCGA-CS-5395-01A-01R-1470-07",3,"IDHwt","WT","Expressed"
"TCGA-HT-8010-01A-11R-2403-07",3,"IDHmut-codel","WT","Not expressed"
"TCGA-DU-8165-01A-11R-2256-07",3,"IDHwt","WT","Expressed"
"TCGA-DU-7292-01A-11R-2027-07",3,"IDHwt","WT","Not expressed"
"TCGA-P5-A5EX-01A-12R-A28M-07",3,"IDHmut-codel","WT","Expressed"
"TCGA-HT-7607-01A-11R-2090-07",3,"IDHmut-codel","WT","Expressed"
"TCGA-TM-A84R-01A-21R-A36H-07",3,"IDHmut-codel","WT","Not expressed"
"TCGA-DU-A76L-01A-11R-A32Q-07",3,"IDHwt","WT","Expressed"
"TCGA-P5-A72U-01A-31R-A32Q-07",3,"IDHwt","WT","Not expressed"
"TCGA-HT-A5RA-01A-11R-A28M-07",3,"IDHwt","WT","Expressed"
"TCGA-FG-6692-01A-11R-1896-07",3,"IDHwt","WT","Expressed"
"TCGA-P5-A5EY-01A-11R-A27Q-07",3,"IDHwt","WT","Not expressed"
"TCGA-HT-7881-01A-11R-2403-07",3,"IDHmut-codel","WT","Expressed"
"TCGA-DB-A64O-01A-11R-A29R-07",3,"IDHwt","WT","Expressed"
"TCGA-HT-8563-01A-11R-2404-07",3,"IDHmut-non-codel","Mutant","Not expressed"
"TCGA-FG-A713-01A-11R-A32Q-07",3,"IDHmut-codel","Mutant","Not expressed"
"TCGA-DU-A7TJ-01A-11R-A34R-07",3,"IDHwt","WT","Expressed"
"TCGA-HT-8015-01B-11R-A28M-07",3,"IDHwt","WT","Not expressed"
"TCGA-E1-A7YD-01A-11R-A34F-07",3,"IDHwt","WT","Expressed"
"TCGA-VM-A8CD-01A-11R-A36H-07",3,"IDHwt","WT","Expressed"
"TCGA-DU-6403-01A-11R-1708-07",3,"IDHwt","WT","Expressed"
"TCGA-E1-A7YM-01A-11R-A34F-07",3,"IDHwt","WT","Expressed"
"TCGA-KT-A7W1-01A-11R-A34F-07",3,"IDHwt","WT","Expressed"
"TCGA-E1-A7YJ-01A-11R-A34F-07",3,"IDHwt","WT","Expressed"
"TCGA-DU-6406-01A-11R-1708-07",3,"IDHwt","WT","Expressed"
"TCGA-DU-A5TY-01A-11R-A28M-07",3,"IDHwt","WT","Expressed"
"TCGA-S9-A6WI-01A-21R-A33Z-07",3,"IDHmut-non-codel","WT","Not expressed"
"TCGA-DU-7006-01A-11R-2027-07",3,"IDHwt","WT","Expressed"
"TCGA-P5-A5F6-01A-11R-A28M-07",3,"IDHwt","WT","Not expressed"
"TCGA-DH-5140-01A-01R-1470-07",3,"IDHwt","WT","Not expressed"
"TCGA-P5-A731-01A-11R-A32Q-07",3,"IDHmut-non-codel","WT","Expressed"
"TCGA-HT-7880-01A-11R-2403-07",3,"IDHmut-non-codel","Mutant","Not expressed"
"TCGA-HT-7854-01A-11R-2256-07",3,"IDHwt","WT","Not expressed"
"TCGA-VM-A8C9-01A-11R-A36H-07",3,"IDHwt","WT","Not expressed"
"TCGA-HT-7857-01A-11R-2403-07",3,"IDHwt","Mutant","Not expressed"
"TCGA-HT-8104-01A-11R-2404-07",3,"IDHwt","WT","Expressed"
"TCGA-HT-A4DS-01A-11R-A26U-07",3,"IDHwt","WT","Expressed"
"TCGA-HT-8107-01A-13R-2404-07",3,"IDHwt","WT","Not expressed"
"TCGA-HT-7860-01A-11R-2403-07",3,"IDHwt","WT","Expressed"
"TCGA-DB-5270-01A-02R-1470-07",3,"IDHmut-non-codel","Mutant","Not expressed"
